instructions,n,Instruction_text.started_mean,Instruction_text.started_raw,Instruction_text.started_std,Instruction_text.stopped_raw,space2.keys_raw,space2.rt_mean,space2.rt_raw,space2.rt_std,space2.started_mean,space2.started_raw,space2.started_std,space2.stopped_raw,order
On each trial your task will be to remember images that are presented to you. The images will consist of either faces or scenes and there can be either one to four images on a trial.,1.0,21.584251403808594,21.584251403808594,0.0,,'y',0.17973670363426208,0.17973670363426208,0.0,21.584251403808594,21.584251403808594,0.0,,0.0
At the end of a trial you will have to indicate whether a test image presented after a short delay was part of the items that you remembered. ,1.0,21.824663162231445,21.824663162231445,0.0,,'b',0.10302670300006866,0.10302670300006866,0.0,21.824663162231445,21.824663162231445,0.0,,1.0
"If the test image was part of the memory images, then you have to press the left button (index finger)",1.0,21.981916427612305,21.981916427612305,0.0,,'y',0.06047609820961952,0.06047609820961952,0.0,21.981916427612305,21.981916427612305,0.0,,2.0
"If the image is NOT part of the memorized images, then press the right button (middle finger).",1.0,22.10013771057129,22.10013771057129,0.0,,'b',0.057930901646614075,0.057930901646614075,0.0,22.10013771057129,22.10013771057129,0.0,,3.0
"During the short remembering period, try to actively keep the images in your mind's eye. ",1.0,22.205673217773438,22.205673217773438,0.0,,'y',0.04292500019073486,0.04292500019073486,0.0,22.205673217773438,22.205673217773438,0.0,,4.0
Now we will see an example of a trial.,1.0,22.289718627929688,22.289718627929688,0.0,,'b',0.05397409945726395,0.05397409945726395,0.0,22.289718627929688,22.289718627929688,0.0,,5.0

extraInfo
participant,
session,001
age,
sex at birth,
dominant hand,
date,2021_Mar_08_2117
expName,Working memory load
psychopyVersion,2020.2.10
frameRate,60.01453551240934
